{"_questIndex":1,"player_x":-7.230040550231934,"player_y":0.08628696203231812,"player_z":-12.509871482849121,"hp":100.0,"curhp":100.0,"mp":100.0,"curmp":100.0,"ex":100.0,"curex":0.0,"level":1}