{"_questIndex":1,"player_x":-7.9326019287109379,"player_y":0.15044629573822022,"player_z":-14.166667938232422,"hp":100.0,"curhp":100.0,"mp":100.0,"curmp":100.0,"ex":100.0,"curex":0.0,"level":1}