{"_questIndex":3,"player_x":-6.561726093292236,"player_y":0.14362004399299622,"player_z":-12.125516891479493,"hp":100.0,"curhp":100.0,"mp":100.0,"curmp":100.0,"ex":100.0,"curex":60.0,"level":1}