{"_questIndex":2,"player_x":-21.137083053588868,"player_y":0.7066162824630737,"player_z":5.274168968200684,"hp":100.0,"curhp":-27.0,"mp":100.0,"curmp":100.0,"ex":100.0,"curex":90.0,"level":1}